Row,Anon Student Id,Problem Hierarchy,Problem Name,Problem View,Step Name,Correct First Attempt,KC(Default),Opportunity(Default)
19017,6W08a98ZQV,"Unit ES_02, Section ES_02-1",EG2-FIXED,1,2y = 5+3,1,[SkillRule: Consolidate vars with coeff; CLT],2
19018,6W08a98ZQV,"Unit ES_02, Section ES_02-1",EG2-FIXED,1,2y = 8,0,"[SkillRule: Remove positive coefficient; {ax/b=c, reciprocal; ax/b=c; x/a=b; ax=b}]~~[SkillRule: Remove coefficient; {ax+b=c, divide; ax=b; [const expr]*[var fact] + [const expr] = [const expr], divide; [var expr]*[const expr] = [const expr], divide; a/b*x=c; a/b*x=c, reciprocal; ax/b=c, reciprocal; ax/b=c; x/a=b; ax=b; (+/-x +/-a)/b=c, mult; a=x*(b+c); a=x*(b-c); a=x*(b*c+d); x/a+b=c, multiply; [var expr]/[const expr] = [const expr], multiply}]",1~~1
19019,6W08a98ZQV,"Unit ES_02, Section ES_02-1",EG2-FIXED,1,2y/2 = 8/2,0,,
19020,6W08a98ZQV,"Unit ES_02, Section ES_02-1",EG30,1,(-6+6)*-10,1,"[SkillRule: Eliminate Parens; {CLT nested; CLT nested, parens; Distribute Mult right; Distribute Mult left; (+/-x +/-a)/b=c, mult; (+/-x +/-a)*b=c, div; [var expr]/[const expr] = [const expr], multiply; Distribute Division left; Distribute Division right; Distribute both mult left; Distribute both mult right; Distribute both divide left; Distribute both divide right; Distribute subex}]~~[SkillRule: Select Eliminate Parens; {CLT nested; CLT nested, parens; Distribute Mult right; Distribute Mult left; Distribute subex}]",1~~1
19021,6W08a98ZQV,"Unit ES_02, Section ES_02-1",EG30,1,0*-10,1,,
19022,6W08a98ZQV,"Unit ES_02, Section ES_02-1",EG31,1,-10(-6-2),1,"[SkillRule: Eliminate Parens; {CLT nested; CLT nested, parens; Distribute Mult right; Distribute Mult left; (+/-x +/-a)/b=c, mult; (+/-x +/-a)*b=c, div; [var expr]/[const expr] = [const expr], multiply; Distribute Division left; Distribute Division right; Distribute both mult left; Distribute both mult right; Distribute both divide left; Distribute both divide right; Distribute subex}]~~[SkillRule: Select Eliminate Parens; {CLT nested; CLT nested, parens; Distribute Mult right; Distribute Mult left; Distribute subex}]",2~~2
19023,6W08a98ZQV,"Unit ES_02, Section ES_02-1",EG31,1,-10*-8,1,,
19024,6W08a98ZQV,"Unit ES_02, Section ES_02-1",EG29,1,-10*-3-5,1,"[SkillRule: Select Multiply/Divide, nested; {MT; MT no fraction coeff}]",1
19025,6W08a98ZQV,"Unit ES_02, Section ES_02-1",EG29,1,30-5,1,[SkillRule: Consolidate vars with coeff; CLT],3
19026,6W08a98ZQV,"Unit ES_02, Section ES_02-1",EG28,1,-1-5*-4,1,"[SkillRule: Select Multiply/Divide, nested; {MT; MT no fraction coeff}]",2
19027,6W08a98ZQV,"Unit ES_02, Section ES_02-1",EG28,1,-1-(-20),1,[SkillRule: Consolidate vars with coeff; CLT],4
19028,6W08a98ZQV,"Unit ES_02, Section ES_02-1",EG31,2,2(-3-2),1,"[SkillRule: Eliminate Parens; {CLT nested; CLT nested, parens; Distribute Mult right; Distribute Mult left; (+/-x +/-a)/b=c, mult; (+/-x +/-a)*b=c, div; [var expr]/[const expr] = [const expr], multiply; Distribute Division left; Distribute Division right; Distribute both mult left; Distribute both mult right; Distribute both divide left; Distribute both divide right; Distribute subex}]~~[SkillRule: Select Eliminate Parens; {CLT nested; CLT nested, parens; Distribute Mult right; Distribute Mult left; Distribute subex}]",3~~3
19029,6W08a98ZQV,"Unit ES_02, Section ES_02-1",EG31,2,2*-5,1,,
19030,6W08a98ZQV,"Unit ES_02, Section ES_02-1",EG28,2,-1+0*-5,1,,
19031,6W08a98ZQV,"Unit ES_02, Section ES_02-1",EG28,2,-1+0,1,[SkillRule: Consolidate vars with coeff; CLT],5
19032,6W08a98ZQV,"Unit ES_02, Section ES_02-1",EG29,2,1*8-1,1,"[SkillRule: Select Multiply/Divide, nested; {MT; MT no fraction coeff}]",3
19033,6W08a98ZQV,"Unit ES_02, Section ES_02-1",EG29,2,8-1,1,[SkillRule: Consolidate vars with coeff; CLT],6
19034,6W08a98ZQV,"Unit ES_02, Section ES_02-2",EG31,1,-1(-1-1),1,"[SkillRule: Eliminate Parens; {CLT nested; CLT nested, parens; Distribute Mult right; Distribute Mult left; (+/-x +/-a)/b=c, mult; (+/-x +/-a)*b=c, div; [var expr]/[const expr] = [const expr], multiply; Distribute Division left; Distribute Division right; Distribute both mult left; Distribute both mult right; Distribute both divide left; Distribute both divide right; Distribute subex}]~~[SkillRule: Select Eliminate Parens; {CLT nested; CLT nested, parens; Distribute Mult right; Distribute Mult left; Distribute subex}]",4~~4
19035,6W08a98ZQV,"Unit ES_02, Section ES_02-2",EG31,1,FinalAnswer,0,perform-mult-sp~~combine-like-terms-whole-sp,1~~1
19036,6W08a98ZQV,"Unit ES_02, Section ES_02-2",EG31,1,-1*-2,1,,
19037,6W08a98ZQV,"Unit ES_02, Section ES_02-2",EG30,1,(2-8)*1,1,"[SkillRule: Eliminate Parens; {CLT nested; CLT nested, parens; Distribute Mult right; Distribute Mult left; (+/-x +/-a)/b=c, mult; (+/-x +/-a)*b=c, div; [var expr]/[const expr] = [const expr], multiply; Distribute Division left; Distribute Division right; Distribute both mult left; Distribute both mult right; Distribute both divide left; Distribute both divide right; Distribute subex}]~~[SkillRule: Select Eliminate Parens; {CLT nested; CLT nested, parens; Distribute Mult right; Distribute Mult left; Distribute subex}]",5~~5
19038,6W08a98ZQV,"Unit ES_02, Section ES_02-2",EG30,1,FinalAnswer,1,perform-mult-sp~~combine-like-terms-whole-sp,2~~2
19039,6W08a98ZQV,"Unit ES_02, Section ES_02-2",EG30,1,-6*1,1,,
19040,6W08a98ZQV,"Unit ES_02, Section ES_02-2",EG28,1,3-1*-6,0,"[SkillRule: Select Multiply/Divide, nested; {MT; MT no fraction coeff}]",4
19041,6W08a98ZQV,"Unit ES_02, Section ES_02-2",EG28,1,FinalAnswer,0,combine-like-terms-sp~~perform-mult-whole-sp,1~~1
19042,6W08a98ZQV,"Unit ES_02, Section ES_02-2",EG28,1,3+6,1,[SkillRule: Consolidate vars with coeff; CLT],7
19043,6W08a98ZQV,"Unit ES_02, Section ES_02-2",EG29,1,-5+9*-8,1,"[SkillRule: Select Multiply/Divide, nested; {MT; MT no fraction coeff}]",5
19044,6W08a98ZQV,"Unit ES_02, Section ES_02-2",EG29,1,FinalAnswer,0,combine-like-terms-sp~~perform-mult-whole-sp,2~~2
19045,6W08a98ZQV,"Unit ES_02, Section ES_02-2",EG29,1,-5-72,1,[SkillRule: Consolidate vars with coeff; CLT],8
19046,6W08a98ZQV,"Unit ES_02, Section ES_02-2",EG29,2,-2*1+6,1,"[SkillRule: Select Multiply/Divide, nested; {MT; MT no fraction coeff}]",6
19047,6W08a98ZQV,"Unit ES_02, Section ES_02-2",EG29,2,FinalAnswer,1,combine-like-terms-sp~~perform-mult-whole-sp,3~~3
19048,6W08a98ZQV,"Unit ES_02, Section ES_02-2",EG29,2,-2+6,1,[SkillRule: Consolidate vars with coeff; CLT],9
19049,6W08a98ZQV,"Unit ES_02, Section ES_02-2",EG30,2,(-9-5)*-5,1,"[SkillRule: Eliminate Parens; {CLT nested; CLT nested, parens; Distribute Mult right; Distribute Mult left; (+/-x +/-a)/b=c, mult; (+/-x +/-a)*b=c, div; [var expr]/[const expr] = [const expr], multiply; Distribute Division left; Distribute Division right; Distribute both mult left; Distribute both mult right; Distribute both divide left; Distribute both divide right; Distribute subex}]~~[SkillRule: Select Eliminate Parens; {CLT nested; CLT nested, parens; Distribute Mult right; Distribute Mult left; Distribute subex}]",6~~6
19050,6W08a98ZQV,"Unit ES_02, Section ES_02-2",EG30,2,FinalAnswer,1,perform-mult-sp~~combine-like-terms-whole-sp,3~~3
19051,6W08a98ZQV,"Unit ES_02, Section ES_02-2",EG30,2,-14*-5,1,,
19052,6W08a98ZQV,"Unit ES_02, Section ES_02-2",EG28,2,-8-3*4,1,"[SkillRule: Select Multiply/Divide, nested; {MT; MT no fraction coeff}]",7
19053,6W08a98ZQV,"Unit ES_02, Section ES_02-2",EG28,2,FinalAnswer,1,combine-like-terms-sp~~perform-mult-whole-sp,4~~4
19054,6W08a98ZQV,"Unit ES_02, Section ES_02-2",EG28,2,-8-12,1,[SkillRule: Consolidate vars with coeff; CLT],10
19055,6W08a98ZQV,"Unit ES_02, Section ES_02-2",EG31,2,6(-3-5),1,"[SkillRule: Eliminate Parens; {CLT nested; CLT nested, parens; Distribute Mult right; Distribute Mult left; (+/-x +/-a)/b=c, mult; (+/-x +/-a)*b=c, div; [var expr]/[const expr] = [const expr], multiply; Distribute Division left; Distribute Division right; Distribute both mult left; Distribute both mult right; Distribute both divide left; Distribute both divide right; Distribute subex}]~~[SkillRule: Select Eliminate Parens; {CLT nested; CLT nested, parens; Distribute Mult right; Distribute Mult left; Distribute subex}]",7~~7
19056,6W08a98ZQV,"Unit ES_02, Section ES_02-2",EG31,2,FinalAnswer,1,perform-mult-sp~~combine-like-terms-whole-sp,4~~4
19057,6W08a98ZQV,"Unit ES_02, Section ES_02-2",EG31,2,6*-8,1,,
19058,6W08a98ZQV,"Unit ES_02, Section ES_02-2",EG28,3,5-1*-2,1,"[SkillRule: Select Multiply/Divide, nested; {MT; MT no fraction coeff}]",8
19059,6W08a98ZQV,"Unit ES_02, Section ES_02-2",EG28,3,FinalAnswer,1,combine-like-terms-sp~~perform-mult-whole-sp,5~~5
19060,6W08a98ZQV,"Unit ES_02, Section ES_02-2",EG28,3,5+2,1,[SkillRule: Consolidate vars with coeff; CLT],11
19061,6W08a98ZQV,"Unit ES_02, Section ES_02-3",EG34,1,x = (-8-6)*-4,1,"[SkillRule: Select Eliminate Parens; {CLT nested; CLT nested, parens; Distribute Mult right; Distribute Mult left; Distribute subex}]",8
19062,6W08a98ZQV,"Unit ES_02, Section ES_02-3",EG34,1,x = -14*-4,1,,
19063,6W08a98ZQV,"Unit ES_02, Section ES_02-3",EG35C,1,y = 14(-11-3),1,"[SkillRule: Select Eliminate Parens; {CLT nested; CLT nested, parens; Distribute Mult right; Distribute Mult left; Distribute subex}]",9
19064,6W08a98ZQV,"Unit ES_02, Section ES_02-3",EG35C,1,y = 14*-14,1,[SkillRule: Select Multiply; {MT; MT no fraction coeff}],1
19065,6W08a98ZQV,"Unit ES_02, Section ES_02-3",EG33B,1,x = 23-15*-2,0,"[SkillRule: Select Multiply/Divide, nested; {MT; MT no fraction coeff}]",9
19066,6W08a98ZQV,"Unit ES_02, Section ES_02-3",EG33B,1,x = 23-(-30),0,"[SkillRule: Select Combine Terms; CLT]~~[SkillRule: Consolidate vars, no coeff; CLT]",1~~1
19067,6W08a98ZQV,"Unit ES_02, Section ES_02-3",EG32B,1,-20-6*-16 = x,0,"[SkillRule: Select Multiply/Divide, nested; {MT; MT no fraction coeff}]",10
19068,6W08a98ZQV,"Unit ES_02, Section ES_02-3",EG32B,1,-20-(-96) = x,0,"[SkillRule: Select Combine Terms; CLT]~~[SkillRule: Consolidate vars, no coeff; CLT]",2~~2
19069,6W08a98ZQV,"Unit ES_02, Section ES_02-3",EG36,1,6-2 = x,1,"[SkillRule: Select Combine Terms; CLT]~~[SkillRule: Consolidate vars, no coeff; CLT]",3~~3
19070,6W08a98ZQV,"Unit ES_02, Section ES_02-3",EG32A,1,x = 11-49*40,1,"[SkillRule: Select Multiply/Divide, nested; {MT; MT no fraction coeff}]",11
19071,6W08a98ZQV,"Unit ES_02, Section ES_02-3",EG32A,1,x = 11-1960,1,"[SkillRule: Select Combine Terms; CLT]~~[SkillRule: Consolidate vars, no coeff; CLT]",4~~4
19072,6W08a98ZQV,"Unit ES_02, Section ES_02-3",EG33,1,y = -2-6*-9,0,"[SkillRule: Select Multiply/Divide, nested; {MT; MT no fraction coeff}]",12
19073,6W08a98ZQV,"Unit ES_02, Section ES_02-3",EG33,1,y = -2-(-54),1,"[SkillRule: Select Combine Terms; CLT]~~[SkillRule: Consolidate vars, no coeff; CLT]",5~~5
19074,6W08a98ZQV,"Unit ES_02, Section ES_02-3",EG33C,1,x = -14+3*-16,0,"[SkillRule: Select Multiply/Divide, nested; {MT; MT no fraction coeff}]",13
19075,6W08a98ZQV,"Unit ES_02, Section ES_02-3",EG33C,1,x = -14+(-48),1,"[SkillRule: Select Combine Terms; CLT]~~[SkillRule: Consolidate vars, no coeff; CLT]",6~~6
19076,6W08a98ZQV,"Unit ES_02, Section ES_02-3",EG32C,1,-6-39*-4 = x,1,"[SkillRule: Select Multiply/Divide, nested; {MT; MT no fraction coeff}]",14
19077,6W08a98ZQV,"Unit ES_02, Section ES_02-3",EG32C,1,-6-(-156) = x,1,"[SkillRule: Select Combine Terms; CLT]~~[SkillRule: Consolidate vars, no coeff; CLT]",7~~7
19078,6W08a98ZQV,"Unit ES_02, Section ES_02-3",EG33A,1,x = -23+13*-44,1,"[SkillRule: Select Multiply/Divide, nested; {MT; MT no fraction coeff}]",15
19079,6W08a98ZQV,"Unit ES_02, Section ES_02-3",EG33A,1,x = -23+(-572),1,"[SkillRule: Select Combine Terms; CLT]~~[SkillRule: Consolidate vars, no coeff; CLT]",8~~8
19080,6W08a98ZQV,"Unit ES_02, Section ES_02-3",EG35B,1,-12(-34-1) = y,0,"[SkillRule: Select Eliminate Parens; {CLT nested; CLT nested, parens; Distribute Mult right; Distribute Mult left; Distribute subex}]",10
19081,6W08a98ZQV,"Unit ES_02, Section ES_02-3",EG35B,1,-12*-35 = y,1,,
19082,6W08a98ZQV,"Unit ES_02, Section ES_02-3",EG34A,1,(-48+24)*-32 = y,1,"[SkillRule: Select Eliminate Parens; {CLT nested; CLT nested, parens; Distribute Mult right; Distribute Mult left; Distribute subex}]",11
19083,6W08a98ZQV,"Unit ES_02, Section ES_02-3",EG34A,1,-24*-32 = y,0,,
19084,6W08a98ZQV,"Unit ES_02, Section ES_02-3",EG34B,1,y = (-1-26)*-25,1,"[SkillRule: Select Eliminate Parens; {CLT nested; CLT nested, parens; Distribute Mult right; Distribute Mult left; Distribute subex}]",12
19085,6W08a98ZQV,"Unit ES_02, Section ES_02-3",EG34B,1,y = -27*-25,1,,
19086,6W08a98ZQV,"Unit ES_02, Section ES_02-3",EG32,1,y = -6-1*-8,1,"[SkillRule: Select Multiply/Divide, nested; {MT; MT no fraction coeff}]",16
19087,6W08a98ZQV,"Unit ES_02, Section ES_02-3",EG32,1,y = -6-(-8),1,"[SkillRule: Select Combine Terms; CLT]~~[SkillRule: Consolidate vars, no coeff; CLT]",9~~9
19088,6W08a98ZQV,"Unit ES_02, Section ES_02-4",EG35C,1,x = 29(8-45),0,"[SkillRule: Select Eliminate Parens; {CLT nested; CLT nested, parens; Distribute Mult right; Distribute Mult left; Distribute subex}]",13
19089,6W08a98ZQV,"Unit ES_02, Section ES_02-4",EG35C,1,FinalAnswer,1,perform-mult-sp~~combine-like-terms-whole-sp,5~~5
19090,6W08a98ZQV,"Unit ES_02, Section ES_02-4",EG35C,1,x = 29*-37,1,[SkillRule: Select Multiply; {MT; MT no fraction coeff}],2
19091,6W08a98ZQV,"Unit ES_02, Section ES_02-4",EG34A,1,(14-27)*-23 = y,1,"[SkillRule: Select Eliminate Parens; {CLT nested; CLT nested, parens; Distribute Mult right; Distribute Mult left; Distribute subex}]",14
19092,6W08a98ZQV,"Unit ES_02, Section ES_02-4",EG34A,1,FinalAnswer,1,perform-mult-sp~~combine-like-terms-whole-sp,6~~6
19093,6W08a98ZQV,"Unit ES_02, Section ES_02-4",EG34A,1,-13*-23 = y,1,,
19094,6W08a98ZQV,"Unit ES_02, Section ES_02-4",EG34A,2,(-37+11)*43 = y,1,"[SkillRule: Select Eliminate Parens; {CLT nested; CLT nested, parens; Distribute Mult right; Distribute Mult left; Distribute subex}]",15
19095,6W08a98ZQV,"Unit ES_02, Section ES_02-4",EG34A,2,FinalAnswer,1,perform-mult-sp~~combine-like-terms-whole-sp,7~~7
19096,6W08a98ZQV,"Unit ES_02, Section ES_02-4",EG34A,2,-26*43 = y,1,[SkillRule: Select Multiply; {MT; MT no fraction coeff}],3
19097,6W08a98ZQV,"Unit ES_02, Section ES_02-4",EG35,1,y = 3(6-6),1,"[SkillRule: Select Eliminate Parens; {CLT nested; CLT nested, parens; Distribute Mult right; Distribute Mult left; Distribute subex}]",16
19098,6W08a98ZQV,"Unit ES_02, Section ES_02-4",EG35,1,FinalAnswer,1,perform-mult-sp~~combine-like-terms-whole-sp,8~~8
19099,6W08a98ZQV,"Unit ES_02, Section ES_02-4",EG35,1,y = 3*0,1,[SkillRule: Select Multiply; {MT; MT no fraction coeff}],4
19100,6W08a98ZQV,"Unit ES_02, Section ES_02-5",EG40,1,-6+6x = 4,0,"[SkillRule: Remove constant; {ax+b=c, positive; ax+b=c, negative; x+a=b, positive; x+a=b, negative; [var expr]+[const expr]=[const expr], positive; [var expr]+[const expr]=[const expr], negative; [var expr]+[const expr]=[const expr], all; Combine constants to right; Combine constants to left; a-x=b, positive; a/x+b=c, positive; a/x+b=c, negative}]~~[SkillRule: ax+b=c, negative; ax+b=c, negative]",2~~2
19101,6W08a98ZQV,"Unit ES_02, Section ES_02-5",EG40,1,-6+6x+6 = 4+6,1,[SkillRule: Consolidate vars with coeff; CLT],12
19102,6W08a98ZQV,"Unit ES_02, Section ES_02-5",EG40,1,6x = 4+6,1,[SkillRule: Consolidate vars with coeff; CLT],13
19103,6W08a98ZQV,"Unit ES_02, Section ES_02-5",EG40,1,6x = 10,0,"[SkillRule: Remove positive coefficient; {ax/b=c, reciprocal; ax/b=c; x/a=b; ax=b}]~~[SkillRule: Remove coefficient; {ax+b=c, divide; ax=b; [const expr]*[var fact] + [const expr] = [const expr], divide; [var expr]*[const expr] = [const expr], divide; a/b*x=c; a/b*x=c, reciprocal; ax/b=c, reciprocal; ax/b=c; x/a=b; ax=b; (+/-x +/-a)/b=c, mult; a=x*(b+c); a=x*(b-c); a=x*(b*c+d); x/a+b=c, multiply; [var expr]/[const expr] = [const expr], multiply}]",2~~2
19104,6W08a98ZQV,"Unit ES_02, Section ES_02-5",EG40,1,6x/6 = 10/6,1,,
19105,6W08a98ZQV,"Unit ES_02, Section ES_02-5",EG40,2,-4 = -9y-7,1,"[SkillRule: Remove constant; {ax+b=c, positive; ax+b=c, negative; x+a=b, positive; x+a=b, negative; [var expr]+[const expr]=[const expr], positive; [var expr]+[const expr]=[const expr], negative; [var expr]+[const expr]=[const expr], all; Combine constants to right; Combine constants to left; a-x=b, positive; a/x+b=c, positive; a/x+b=c, negative}]~~[SkillRule: ax+b=c, negative; ax+b=c, negative]",3~~3
19106,6W08a98ZQV,"Unit ES_02, Section ES_02-5",EG40,2,-4+7 = -9y-7+7,1,[SkillRule: Consolidate vars with coeff; CLT],14
19107,6W08a98ZQV,"Unit ES_02, Section ES_02-5",EG40,2,3 = -9y-7+7,1,[SkillRule: Consolidate vars with coeff; CLT],15
19108,6W08a98ZQV,"Unit ES_02, Section ES_02-5",EG40,2,3 = -9y,0,"[SkillRule: Remove coefficient; {ax+b=c, divide; ax=b; [const expr]*[var fact] + [const expr] = [const expr], divide; [var expr]*[const expr] = [const expr], divide; a/b*x=c; a/b*x=c, reciprocal; ax/b=c, reciprocal; ax/b=c; x/a=b; ax=b; (+/-x +/-a)/b=c, mult; a=x*(b+c); a=x*(b-c); a=x*(b*c+d); x/a+b=c, multiply; [var expr]/[const expr] = [const expr], multiply}]~~[SkillRule: Remove negative coefficient; {ax/b=c, reciprocal; ax/b=c; ax=b; x/a=b}]",3~~1
19109,6W08a98ZQV,"Unit ES_02, Section ES_02-5",EG40,2,3/-9 = -9y/-9,0,,
19110,6W08a98ZQV,"Unit ES_02, Section ES_02-5",EG40,2,-1/3 = -9y/-9,1,,
19111,6W08a98ZQV,"Unit ES_02, Section ES_02-5",EG40,3,-10y-1 = -4,1,"[SkillRule: Remove constant; {ax+b=c, positive; ax+b=c, negative; x+a=b, positive; x+a=b, negative; [var expr]+[const expr]=[const expr], positive; [var expr]+[const expr]=[const expr], negative; [var expr]+[const expr]=[const expr], all; Combine constants to right; Combine constants to left; a-x=b, positive; a/x+b=c, positive; a/x+b=c, negative}]~~[SkillRule: ax+b=c, negative; ax+b=c, negative]",4~~4
19112,6W08a98ZQV,"Unit ES_02, Section ES_02-5",EG40,3,-10y-1+1 = -4+1,1,[SkillRule: Consolidate vars with coeff; CLT],16
19113,6W08a98ZQV,"Unit ES_02, Section ES_02-5",EG40,3,-10y = -4+1,1,[SkillRule: Consolidate vars with coeff; CLT],17
19114,6W08a98ZQV,"Unit ES_02, Section ES_02-5",EG40,3,-10y = -3,1,"[SkillRule: Remove coefficient; {ax+b=c, divide; ax=b; [const expr]*[var fact] + [const expr] = [const expr], divide; [var expr]*[const expr] = [const expr], divide; a/b*x=c; a/b*x=c, reciprocal; ax/b=c, reciprocal; ax/b=c; x/a=b; ax=b; (+/-x +/-a)/b=c, mult; a=x*(b+c); a=x*(b-c); a=x*(b*c+d); x/a+b=c, multiply; [var expr]/[const expr] = [const expr], multiply}]~~[SkillRule: Remove negative coefficient; {ax/b=c, reciprocal; ax/b=c; ax=b; x/a=b}]",4~~2
19115,6W08a98ZQV,"Unit ES_02, Section ES_02-5",EG40,3,-10y/-10 = -3/-10,1,,
19116,6W08a98ZQV,"Unit ES_02, Section ES_02-5",EG40,3,y = -3/-10,1,,
19117,6W08a98ZQV,"Unit ES_02, Section ES_02-5",EG40,4,9 = 8x-9,1,"[SkillRule: Remove constant; {ax+b=c, positive; ax+b=c, negative; x+a=b, positive; x+a=b, negative; [var expr]+[const expr]=[const expr], positive; [var expr]+[const expr]=[const expr], negative; [var expr]+[const expr]=[const expr], all; Combine constants to right; Combine constants to left; a-x=b, positive; a/x+b=c, positive; a/x+b=c, negative}]~~[SkillRule: ax+b=c, negative; ax+b=c, negative]",5~~5
19118,6W08a98ZQV,"Unit ES_02, Section ES_02-5",EG40,4,9+9 = 8x-9+9,1,[SkillRule: Consolidate vars with coeff; CLT],18
19119,6W08a98ZQV,"Unit ES_02, Section ES_02-5",EG40,4,18 = 8x-9+9,1,[SkillRule: Consolidate vars with coeff; CLT],19
19120,6W08a98ZQV,"Unit ES_02, Section ES_02-5",EG40,4,18 = 8x,1,"[SkillRule: Remove positive coefficient; {ax/b=c, reciprocal; ax/b=c; x/a=b; ax=b}]~~[SkillRule: Remove coefficient; {ax+b=c, divide; ax=b; [const expr]*[var fact] + [const expr] = [const expr], divide; [var expr]*[const expr] = [const expr], divide; a/b*x=c; a/b*x=c, reciprocal; ax/b=c, reciprocal; ax/b=c; x/a=b; ax=b; (+/-x +/-a)/b=c, mult; a=x*(b+c); a=x*(b-c); a=x*(b*c+d); x/a+b=c, multiply; [var expr]/[const expr] = [const expr], multiply}]",3~~5
19121,6W08a98ZQV,"Unit ES_02, Section ES_02-5",EG40,4,18/8 = 8x/8,1,,
19122,6W08a98ZQV,"Unit ES_02, Section ES_02-5",EG40,4,9/4 = 8x/8,1,,
19123,6W08a98ZQV,"Unit ES_02, Section ES_02-5",EG40,5,-1 = 7x-8,1,"[SkillRule: Remove constant; {ax+b=c, positive; ax+b=c, negative; x+a=b, positive; x+a=b, negative; [var expr]+[const expr]=[const expr], positive; [var expr]+[const expr]=[const expr], negative; [var expr]+[const expr]=[const expr], all; Combine constants to right; Combine constants to left; a-x=b, positive; a/x+b=c, positive; a/x+b=c, negative}]~~[SkillRule: ax+b=c, negative; ax+b=c, negative]",6~~6
19124,6W08a98ZQV,"Unit ES_02, Section ES_02-5",EG40,5,-1+8 = 7x-8+8,1,[SkillRule: Consolidate vars with coeff; CLT],20
19125,6W08a98ZQV,"Unit ES_02, Section ES_02-5",EG40,5,7 = 7x-8+8,1,[SkillRule: Consolidate vars with coeff; CLT],21
19126,6W08a98ZQV,"Unit ES_02, Section ES_02-5",EG40,5,7 = 7x,1,"[SkillRule: Remove positive coefficient; {ax/b=c, reciprocal; ax/b=c; x/a=b; ax=b}]~~[SkillRule: Remove coefficient; {ax+b=c, divide; ax=b; [const expr]*[var fact] + [const expr] = [const expr], divide; [var expr]*[const expr] = [const expr], divide; a/b*x=c; a/b*x=c, reciprocal; ax/b=c, reciprocal; ax/b=c; x/a=b; ax=b; (+/-x +/-a)/b=c, mult; a=x*(b+c); a=x*(b-c); a=x*(b*c+d); x/a+b=c, multiply; [var expr]/[const expr] = [const expr], multiply}]",4~~6
19127,6W08a98ZQV,"Unit ES_02, Section ES_02-5",EG40,5,7/7 = 7x/7,1,,
19128,6W08a98ZQV,"Unit ES_02, Section ES_02-5",EG40,5,1 = 7x/7,1,,
19129,6W08a98ZQV,"Unit ES_02, Section ES_02-6",EG40,1,3x-6 = 0,1,"[SkillRule: Remove constant; {ax+b=c, positive; ax+b=c, negative; x+a=b, positive; x+a=b, negative; [var expr]+[const expr]=[const expr], positive; [var expr]+[const expr]=[const expr], negative; [var expr]+[const expr]=[const expr], all; Combine constants to right; Combine constants to left; a-x=b, positive; a/x+b=c, positive; a/x+b=c, negative}]~~[SkillRule: ax+b=c, negative; ax+b=c, negative]",7~~7
19130,6W08a98ZQV,"Unit ES_02, Section ES_02-6",EG40,1,0+6 = 3x-6+6,1,"[SkillRule: Add/Subtract; [Typein Skill: {Isolate positive; Isolate negative; Remove constant; Consolidate vars, no coeff; Consolidate vars with coeff; Consolidate vars, any}]]",1
19131,6W08a98ZQV,"Unit ES_02, Section ES_02-6",EG40,1,6 = 3x,1,"[SkillRule: Remove positive coefficient; {ax/b=c, reciprocal; ax/b=c; x/a=b; ax=b}]~~[SkillRule: Remove coefficient; {ax+b=c, divide; ax=b; [const expr]*[var fact] + [const expr] = [const expr], divide; [var expr]*[const expr] = [const expr], divide; a/b*x=c; a/b*x=c, reciprocal; ax/b=c, reciprocal; ax/b=c; x/a=b; ax=b; (+/-x +/-a)/b=c, mult; a=x*(b+c); a=x*(b-c); a=x*(b*c+d); x/a+b=c, multiply; [var expr]/[const expr] = [const expr], multiply}]",5~~7
19132,6W08a98ZQV,"Unit ES_02, Section ES_02-6",EG40,1,6/3 = 3x/3,1,[SkillRule: Multiply/Divide; [Typein Skill: {Remove coefficient; Variable in denominator}]],1
19133,6W08a98ZQV,"Unit ES_02, Section ES_02-6",EG40,2,-5 = -1y+8,1,"[SkillRule: Remove constant; {ax+b=c, positive; ax+b=c, negative; x+a=b, positive; x+a=b, negative; [var expr]+[const expr]=[const expr], positive; [var expr]+[const expr]=[const expr], negative; [var expr]+[const expr]=[const expr], all; Combine constants to right; Combine constants to left; a-x=b, positive; a/x+b=c, positive; a/x+b=c, negative}]",8
19134,6W08a98ZQV,"Unit ES_02, Section ES_02-6",EG40,2,-5-8 = -1y+8-8,0,"[SkillRule: Add/Subtract; [Typein Skill: {Isolate positive; Isolate negative; Remove constant; Consolidate vars, no coeff; Consolidate vars with coeff; Consolidate vars, any}]]",2
19135,6W08a98ZQV,"Unit ES_02, Section ES_02-6",EG40,2,-13 = -1y,1,"[SkillRule: Remove coefficient; {ax+b=c, divide; ax=b; [const expr]*[var fact] + [const expr] = [const expr], divide; [var expr]*[const expr] = [const expr], divide; a/b*x=c; a/b*x=c, reciprocal; ax/b=c, reciprocal; ax/b=c; x/a=b; ax=b; (+/-x +/-a)/b=c, mult; a=x*(b+c); a=x*(b-c); a=x*(b*c+d); x/a+b=c, multiply; [var expr]/[const expr] = [const expr], multiply}]~~[SkillRule: Remove negative coefficient; {ax/b=c, reciprocal; ax/b=c; ax=b; x/a=b}]~~[SkillRule: Make variable positive; {ax+b=c, divide; ax=b; [const expr]*[var fact] + [const expr] = [const expr], divide; [var expr]*[const expr] = [const expr], divide; a/b*x=c; a/b*x=c, reciprocal; ax/b=c, reciprocal; ax/b=c; x/a=b; ax=b; (+/-x +/-a)/b=c, mult; a=x*(b+c); a=x*(b-c); a=x*(b*c+d); x/a+b=c, multiply; [var expr]/[const expr] = [const expr], multiply}]",8~~3~~1
19136,6W08a98ZQV,"Unit ES_02, Section ES_02-6",EG40,2,-13/-1 = -1y/-1,1,[SkillRule: Calculate negative coefficient; [Typein Skill: Make variable positive]],1
19137,6W08a98ZQV,"Unit ES_02, Section ES_02-6",EG40,3,9 = -4x+8,1,"[SkillRule: Remove constant; {ax+b=c, positive; ax+b=c, negative; x+a=b, positive; x+a=b, negative; [var expr]+[const expr]=[const expr], positive; [var expr]+[const expr]=[const expr], negative; [var expr]+[const expr]=[const expr], all; Combine constants to right; Combine constants to left; a-x=b, positive; a/x+b=c, positive; a/x+b=c, negative}]",9
19138,6W08a98ZQV,"Unit ES_02, Section ES_02-6",EG40,3,9-8 = -4x+8-8,1,"[SkillRule: Add/Subtract; [Typein Skill: {Isolate positive; Isolate negative; Remove constant; Consolidate vars, no coeff; Consolidate vars with coeff; Consolidate vars, any}]]",3
19139,6W08a98ZQV,"Unit ES_02, Section ES_02-6",EG40,3,1 = -4x,1,"[SkillRule: Remove coefficient; {ax+b=c, divide; ax=b; [const expr]*[var fact] + [const expr] = [const expr], divide; [var expr]*[const expr] = [const expr], divide; a/b*x=c; a/b*x=c, reciprocal; ax/b=c, reciprocal; ax/b=c; x/a=b; ax=b; (+/-x +/-a)/b=c, mult; a=x*(b+c); a=x*(b-c); a=x*(b*c+d); x/a+b=c, multiply; [var expr]/[const expr] = [const expr], multiply}]~~[SkillRule: Remove negative coefficient; {ax/b=c, reciprocal; ax/b=c; ax=b; x/a=b}]",9~~4
19140,6W08a98ZQV,"Unit ES_02, Section ES_02-6",EG40,3,1/-4 = -4x/-4,1,[SkillRule: Multiply/Divide; [Typein Skill: {Remove coefficient; Variable in denominator}]],2
19141,6W08a98ZQV,"Unit ES_02, Section ES_02-6",EG40,4,5-10x = -9,1,"[SkillRule: Remove constant; {ax+b=c, positive; ax+b=c, negative; x+a=b, positive; x+a=b, negative; [var expr]+[const expr]=[const expr], positive; [var expr]+[const expr]=[const expr], negative; [var expr]+[const expr]=[const expr], all; Combine constants to right; Combine constants to left; a-x=b, positive; a/x+b=c, positive; a/x+b=c, negative}]",10
19142,6W08a98ZQV,"Unit ES_02, Section ES_02-6",EG40,4,5-10x-5 = -9-5,1,"[SkillRule: Add/Subtract; [Typein Skill: {Isolate positive; Isolate negative; Remove constant; Consolidate vars, no coeff; Consolidate vars with coeff; Consolidate vars, any}]]",4
19143,6W08a98ZQV,"Unit ES_02, Section ES_02-6",EG40,4,-10x = -14,0,"[SkillRule: Remove coefficient; {ax+b=c, divide; ax=b; [const expr]*[var fact] + [const expr] = [const expr], divide; [var expr]*[const expr] = [const expr], divide; a/b*x=c; a/b*x=c, reciprocal; ax/b=c, reciprocal; ax/b=c; x/a=b; ax=b; (+/-x +/-a)/b=c, mult; a=x*(b+c); a=x*(b-c); a=x*(b*c+d); x/a+b=c, multiply; [var expr]/[const expr] = [const expr], multiply}]~~[SkillRule: Remove negative coefficient; {ax/b=c, reciprocal; ax/b=c; ax=b; x/a=b}]",10~~5
19144,6W08a98ZQV,"Unit ES_02, Section ES_02-6",EG40,4,-10x/-10 = -14/-10,1,[SkillRule: Multiply/Divide; [Typein Skill: {Remove coefficient; Variable in denominator}]],3
19145,6W08a98ZQV,"Unit ES_02, Section ES_02-7",EG41,1,-2+(x/-9) = 2,1,"[SkillRule: Remove constant; {ax+b=c, positive; ax+b=c, negative; x+a=b, positive; x+a=b, negative; [var expr]+[const expr]=[const expr], positive; [var expr]+[const expr]=[const expr], negative; [var expr]+[const expr]=[const expr], all; Combine constants to right; Combine constants to left; a-x=b, positive; a/x+b=c, positive; a/x+b=c, negative}]",11
19146,6W08a98ZQV,"Unit ES_02, Section ES_02-7",EG41,1,-2+(x/-9)+2 = 2+2,1,[SkillRule: Consolidate vars with coeff; CLT],22
19147,6W08a98ZQV,"Unit ES_02, Section ES_02-7",EG41,1,x/-9 = 2+2,1,[SkillRule: Consolidate vars with coeff; CLT],23
19148,6W08a98ZQV,"Unit ES_02, Section ES_02-7",EG41,1,x/-9 = 4,0,"[SkillRule: Remove coefficient; {ax+b=c, divide; ax=b; [const expr]*[var fact] + [const expr] = [const expr], divide; [var expr]*[const expr] = [const expr], divide; a/b*x=c; a/b*x=c, reciprocal; ax/b=c, reciprocal; ax/b=c; x/a=b; ax=b; (+/-x +/-a)/b=c, mult; a=x*(b+c); a=x*(b-c); a=x*(b*c+d); x/a+b=c, multiply; [var expr]/[const expr] = [const expr], multiply}]~~[SkillRule: Remove negative coefficient; {ax/b=c, reciprocal; ax/b=c; ax=b; x/a=b}]",11~~6
19149,6W08a98ZQV,"Unit ES_02, Section ES_02-7",EG41,1,-x/9 = 4,0,,
19150,6W08a98ZQV,"Unit ES_02, Section ES_02-7",EG41,1,x/-9*-9 = 4*-9,0,,
19151,6W08a98ZQV,"Unit ES_02, Section ES_02-7",EG41,1,x = 4*-9,1,[SkillRule: Select Multiply; {MT; MT no fraction coeff}],5
19152,6W08a98ZQV,"Unit ES_02, Section ES_02-7",EG41,2,6+y/6 = 10,1,"[SkillRule: Remove constant; {ax+b=c, positive; ax+b=c, negative; x+a=b, positive; x+a=b, negative; [var expr]+[const expr]=[const expr], positive; [var expr]+[const expr]=[const expr], negative; [var expr]+[const expr]=[const expr], all; Combine constants to right; Combine constants to left; a-x=b, positive; a/x+b=c, positive; a/x+b=c, negative}]",12
19153,6W08a98ZQV,"Unit ES_02, Section ES_02-7",EG41,2,6+y/6-6 = 10-6,1,[SkillRule: Consolidate vars with coeff; CLT],24
19154,6W08a98ZQV,"Unit ES_02, Section ES_02-7",EG41,2,y/6 = 10-6,1,[SkillRule: Consolidate vars with coeff; CLT],25
19155,6W08a98ZQV,"Unit ES_02, Section ES_02-7",EG41,2,y/6 = 4,1,"[SkillRule: Remove positive coefficient; {ax/b=c, reciprocal; ax/b=c; x/a=b; ax=b}]~~[SkillRule: Remove coefficient; {ax+b=c, divide; ax=b; [const expr]*[var fact] + [const expr] = [const expr], divide; [var expr]*[const expr] = [const expr], divide; a/b*x=c; a/b*x=c, reciprocal; ax/b=c, reciprocal; ax/b=c; x/a=b; ax=b; (+/-x +/-a)/b=c, mult; a=x*(b+c); a=x*(b-c); a=x*(b*c+d); x/a+b=c, multiply; [var expr]/[const expr] = [const expr], multiply}]",6~~12
19156,6W08a98ZQV,"Unit ES_02, Section ES_02-7",EG41,2,y/6*6 = 4*6,0,,
19157,6W08a98ZQV,"Unit ES_02, Section ES_02-7",EG41,2,y = 4*6,1,[SkillRule: Select Multiply; {MT; MT no fraction coeff}],6
19158,6W08a98ZQV,"Unit ES_02, Section ES_02-7",EG41,3,7 = y/-7+10,0,"[SkillRule: Remove constant; {ax+b=c, positive; ax+b=c, negative; x+a=b, positive; x+a=b, negative; [var expr]+[const expr]=[const expr], positive; [var expr]+[const expr]=[const expr], negative; [var expr]+[const expr]=[const expr], all; Combine constants to right; Combine constants to left; a-x=b, positive; a/x+b=c, positive; a/x+b=c, negative}]~~[SkillRule: Remove coefficient; {ax+b=c, divide; ax=b; [const expr]*[var fact] + [const expr] = [const expr], divide; [var expr]*[const expr] = [const expr], divide; a/b*x=c; a/b*x=c, reciprocal; ax/b=c, reciprocal; ax/b=c; x/a=b; ax=b; (+/-x +/-a)/b=c, mult; a=x*(b+c); a=x*(b-c); a=x*(b*c+d); x/a+b=c, multiply; [var expr]/[const expr] = [const expr], multiply}]",13~~13
19159,6W08a98ZQV,"Unit ES_02, Section ES_02-7",EG41,3,7*-7 = (y/-7+10)*-7,0,,
19160,6W08a98ZQV,"Unit ES_02, Section ES_02-7",EG41,3,-49 = (y/-7+10)*-7,0,"[SkillRule: Remove coefficient; {ax+b=c, divide; ax=b; [const expr]*[var fact] + [const expr] = [const expr], divide; [var expr]*[const expr] = [const expr], divide; a/b*x=c; a/b*x=c, reciprocal; ax/b=c, reciprocal; ax/b=c; x/a=b; ax=b; (+/-x +/-a)/b=c, mult; a=x*(b+c); a=x*(b-c); a=x*(b*c+d); x/a+b=c, multiply; [var expr]/[const expr] = [const expr], multiply}]~~[SkillRule: Eliminate Parens; {[var expr]/[const expr] = [const expr], multiply; [var expr]*[const expr] = [const expr], divide}]",14~~1
19161,6W08a98ZQV,"Unit ES_02, Section ES_02-7",EG41,3,7-10 = y/-7+10-10,1,[SkillRule: Consolidate vars with coeff; CLT],26
19162,6W08a98ZQV,"Unit ES_02, Section ES_02-7",EG41,3,-3 = y/-7+10-10,1,[SkillRule: Consolidate vars with coeff; CLT],27
19163,6W08a98ZQV,"Unit ES_02, Section ES_02-7",EG41,3,-3 = y/-7,1,"[SkillRule: Remove coefficient; {ax+b=c, divide; ax=b; [const expr]*[var fact] + [const expr] = [const expr], divide; [var expr]*[const expr] = [const expr], divide; a/b*x=c; a/b*x=c, reciprocal; ax/b=c, reciprocal; ax/b=c; x/a=b; ax=b; (+/-x +/-a)/b=c, mult; a=x*(b+c); a=x*(b-c); a=x*(b*c+d); x/a+b=c, multiply; [var expr]/[const expr] = [const expr], multiply}]~~[SkillRule: Remove negative coefficient; {ax/b=c, reciprocal; ax/b=c; ax=b; x/a=b}]",15~~7
19164,6W08a98ZQV,"Unit ES_02, Section ES_02-7",EG41,3,-3*-7 = y/-7*-7,1,,
19165,6W08a98ZQV,"Unit ES_02, Section ES_02-7",EG41,3,21 = y/-7*-7,1,,
19166,6W08a98ZQV,"Unit ES_02, Section ES_02-7",EG41,4,-4 = -10+y/10,1,"[SkillRule: Remove constant; {ax+b=c, positive; ax+b=c, negative; x+a=b, positive; x+a=b, negative; [var expr]+[const expr]=[const expr], positive; [var expr]+[const expr]=[const expr], negative; [var expr]+[const expr]=[const expr], all; Combine constants to right; Combine constants to left; a-x=b, positive; a/x+b=c, positive; a/x+b=c, negative}]",14
19167,6W08a98ZQV,"Unit ES_02, Section ES_02-7",EG41,4,-4+10 = -10+y/10+10,1,[SkillRule: Consolidate vars with coeff; CLT],28
19168,6W08a98ZQV,"Unit ES_02, Section ES_02-7",EG41,4,6 = -10+y/10+10,1,[SkillRule: Consolidate vars with coeff; CLT],29
19169,6W08a98ZQV,"Unit ES_02, Section ES_02-7",EG41,4,6 = y/10,0,"[SkillRule: Remove positive coefficient; {ax/b=c, reciprocal; ax/b=c; x/a=b; ax=b}]~~[SkillRule: Remove coefficient; {ax+b=c, divide; ax=b; [const expr]*[var fact] + [const expr] = [const expr], divide; [var expr]*[const expr] = [const expr], divide; a/b*x=c; a/b*x=c, reciprocal; ax/b=c, reciprocal; ax/b=c; x/a=b; ax=b; (+/-x +/-a)/b=c, mult; a=x*(b+c); a=x*(b-c); a=x*(b*c+d); x/a+b=c, multiply; [var expr]/[const expr] = [const expr], multiply}]",7~~16
19170,6W08a98ZQV,"Unit ES_02, Section ES_02-7",EG41,4,6*10 = y/10*10,1,,
19171,6W08a98ZQV,"Unit ES_02, Section ES_02-7",EG41,4,60 = y/10*10,1,,
19172,6W08a98ZQV,"Unit ES_02, Section ES_02-7",EG41,5,y/-7+5 = -8,0,"[SkillRule: Remove constant; {ax+b=c, positive; ax+b=c, negative; x+a=b, positive; x+a=b, negative; [var expr]+[const expr]=[const expr], positive; [var expr]+[const expr]=[const expr], negative; [var expr]+[const expr]=[const expr], all; Combine constants to right; Combine constants to left; a-x=b, positive; a/x+b=c, positive; a/x+b=c, negative}]~~[SkillRule: Remove coefficient; {ax+b=c, divide; ax=b; [const expr]*[var fact] + [const expr] = [const expr], divide; [var expr]*[const expr] = [const expr], divide; a/b*x=c; a/b*x=c, reciprocal; ax/b=c, reciprocal; ax/b=c; x/a=b; ax=b; (+/-x +/-a)/b=c, mult; a=x*(b+c); a=x*(b-c); a=x*(b*c+d); x/a+b=c, multiply; [var expr]/[const expr] = [const expr], multiply}]",15~~17
19173,6W08a98ZQV,"Unit ES_02, Section ES_02-7",EG41,5,(y/-7+5)*-7 = -8*-7,0,,
19174,6W08a98ZQV,"Unit ES_02, Section ES_02-7",EG41,5,y/-7+5-5 = -8-5,1,[SkillRule: Consolidate vars with coeff; CLT],30
19175,6W08a98ZQV,"Unit ES_02, Section ES_02-7",EG41,5,y/-7 = -8-5,1,[SkillRule: Consolidate vars with coeff; CLT],31
19176,6W08a98ZQV,"Unit ES_02, Section ES_02-7",EG41,5,y/-7 = -13,1,"[SkillRule: Remove coefficient; {ax+b=c, divide; ax=b; [const expr]*[var fact] + [const expr] = [const expr], divide; [var expr]*[const expr] = [const expr], divide; a/b*x=c; a/b*x=c, reciprocal; ax/b=c, reciprocal; ax/b=c; x/a=b; ax=b; (+/-x +/-a)/b=c, mult; a=x*(b+c); a=x*(b-c); a=x*(b*c+d); x/a+b=c, multiply; [var expr]/[const expr] = [const expr], multiply}]~~[SkillRule: Remove negative coefficient; {ax/b=c, reciprocal; ax/b=c; ax=b; x/a=b}]",18~~8
19177,6W08a98ZQV,"Unit ES_02, Section ES_02-7",EG41,5,y/-7*-7 = -13*-7,0,,
19178,6W08a98ZQV,"Unit ES_02, Section ES_02-7",EG41,5,y = -13*-7,1,,
19179,6W08a98ZQV,"Unit ES_02, Section ES_02-7",EG41,6,y/-5+9 = -7,1,"[SkillRule: Remove constant; {ax+b=c, positive; ax+b=c, negative; x+a=b, positive; x+a=b, negative; [var expr]+[const expr]=[const expr], positive; [var expr]+[const expr]=[const expr], negative; [var expr]+[const expr]=[const expr], all; Combine constants to right; Combine constants to left; a-x=b, positive; a/x+b=c, positive; a/x+b=c, negative}]",16
19180,6W08a98ZQV,"Unit ES_02, Section ES_02-7",EG41,6,y/-5+9-9 = -7-9,1,[SkillRule: Consolidate vars with coeff; CLT],32
19181,6W08a98ZQV,"Unit ES_02, Section ES_02-7",EG41,6,y/-5 = -7-9,1,[SkillRule: Consolidate vars with coeff; CLT],33
19182,6W08a98ZQV,"Unit ES_02, Section ES_02-7",EG41,6,y/-5 = -16,1,"[SkillRule: Remove coefficient; {ax+b=c, divide; ax=b; [const expr]*[var fact] + [const expr] = [const expr], divide; [var expr]*[const expr] = [const expr], divide; a/b*x=c; a/b*x=c, reciprocal; ax/b=c, reciprocal; ax/b=c; x/a=b; ax=b; (+/-x +/-a)/b=c, mult; a=x*(b+c); a=x*(b-c); a=x*(b*c+d); x/a+b=c, multiply; [var expr]/[const expr] = [const expr], multiply}]~~[SkillRule: Remove negative coefficient; {ax/b=c, reciprocal; ax/b=c; ax=b; x/a=b}]",19~~9
19183,6W08a98ZQV,"Unit ES_02, Section ES_02-7",EG41,6,y/-5*-5 = -16*-5,0,,
19184,6W08a98ZQV,"Unit ES_02, Section ES_02-7",EG41,6,y = -16*-5,1,,
19185,6W08a98ZQV,"Unit ES_02, Section ES_02-7",EG41,7,10 = y/4+4,1,"[SkillRule: Remove constant; {ax+b=c, positive; ax+b=c, negative; x+a=b, positive; x+a=b, negative; [var expr]+[const expr]=[const expr], positive; [var expr]+[const expr]=[const expr], negative; [var expr]+[const expr]=[const expr], all; Combine constants to right; Combine constants to left; a-x=b, positive; a/x+b=c, positive; a/x+b=c, negative}]",17
19186,6W08a98ZQV,"Unit ES_02, Section ES_02-7",EG41,7,10-4 = y/4+4-4,1,[SkillRule: Consolidate vars with coeff; CLT],34
19187,6W08a98ZQV,"Unit ES_02, Section ES_02-7",EG41,7,6 = y/4+4-4,1,[SkillRule: Consolidate vars with coeff; CLT],35
19188,6W08a98ZQV,"Unit ES_02, Section ES_02-7",EG41,7,6 = y/4,1,"[SkillRule: Remove positive coefficient; {ax/b=c, reciprocal; ax/b=c; x/a=b; ax=b}]~~[SkillRule: Remove coefficient; {ax+b=c, divide; ax=b; [const expr]*[var fact] + [const expr] = [const expr], divide; [var expr]*[const expr] = [const expr], divide; a/b*x=c; a/b*x=c, reciprocal; ax/b=c, reciprocal; ax/b=c; x/a=b; ax=b; (+/-x +/-a)/b=c, mult; a=x*(b+c); a=x*(b-c); a=x*(b*c+d); x/a+b=c, multiply; [var expr]/[const expr] = [const expr], multiply}]",8~~20
19189,6W08a98ZQV,"Unit ES_02, Section ES_02-7",EG41,7,6*4 = y/4*4,0,,
19190,6W08a98ZQV,"Unit ES_02, Section ES_02-7",EG41,7,24 = y/4*4,1,,
19191,6W08a98ZQV,"Unit ES_02, Section ES_02-8",EG41,1,6 = y/-4-5,1,"[SkillRule: Remove constant; {ax+b=c, positive; ax+b=c, negative; x+a=b, positive; x+a=b, negative; [var expr]+[const expr]=[const expr], positive; [var expr]+[const expr]=[const expr], negative; [var expr]+[const expr]=[const expr], all; Combine constants to right; Combine constants to left; a-x=b, positive; a/x+b=c, positive; a/x+b=c, negative}]",18
19192,6W08a98ZQV,"Unit ES_02, Section ES_02-8",EG41,1,6+5 = y/-4-5+5,0,"[SkillRule: Add/Subtract; [Typein Skill: {Isolate positive; Isolate negative; Remove constant; Consolidate vars, no coeff; Consolidate vars with coeff; Consolidate vars, any}]]",5
19193,6W08a98ZQV,"Unit ES_02, Section ES_02-8",EG41,1,11 = y/-4,0,"[SkillRule: Remove coefficient; {ax+b=c, divide; ax=b; [const expr]*[var fact] + [const expr] = [const expr], divide; [var expr]*[const expr] = [const expr], divide; a/b*x=c; a/b*x=c, reciprocal; ax/b=c, reciprocal; ax/b=c; x/a=b; ax=b; (+/-x +/-a)/b=c, mult; a=x*(b+c); a=x*(b-c); a=x*(b*c+d); x/a+b=c, multiply; [var expr]/[const expr] = [const expr], multiply}]~~[SkillRule: Remove negative coefficient; {ax/b=c, reciprocal; ax/b=c; ax=b; x/a=b}]",21~~10
19194,6W08a98ZQV,"Unit ES_02, Section ES_02-8",EG41,1,11*-4 = y/-4*-4,0,[SkillRule: Multiply/Divide; [Typein Skill: {Remove coefficient; Variable in denominator}]],4
19195,6W08a98ZQV,"Unit ES_02, Section ES_02-8",EG41,2,-10 = y/9+6,1,"[SkillRule: Remove constant; {ax+b=c, positive; ax+b=c, negative; x+a=b, positive; x+a=b, negative; [var expr]+[const expr]=[const expr], positive; [var expr]+[const expr]=[const expr], negative; [var expr]+[const expr]=[const expr], all; Combine constants to right; Combine constants to left; a-x=b, positive; a/x+b=c, positive; a/x+b=c, negative}]",19
19196,6W08a98ZQV,"Unit ES_02, Section ES_02-8",EG41,2,-10-6 = y/9+6-6,1,"[SkillRule: Add/Subtract; [Typein Skill: {Isolate positive; Isolate negative; Remove constant; Consolidate vars, no coeff; Consolidate vars with coeff; Consolidate vars, any}]]",6
19197,6W08a98ZQV,"Unit ES_02, Section ES_02-8",EG41,2,-16 = y/9,1,"[SkillRule: Remove positive coefficient; {ax/b=c, reciprocal; ax/b=c; x/a=b; ax=b}]~~[SkillRule: Remove coefficient; {ax+b=c, divide; ax=b; [const expr]*[var fact] + [const expr] = [const expr], divide; [var expr]*[const expr] = [const expr], divide; a/b*x=c; a/b*x=c, reciprocal; ax/b=c, reciprocal; ax/b=c; x/a=b; ax=b; (+/-x +/-a)/b=c, mult; a=x*(b+c); a=x*(b-c); a=x*(b*c+d); x/a+b=c, multiply; [var expr]/[const expr] = [const expr], multiply}]",9~~22
19198,6W08a98ZQV,"Unit ES_02, Section ES_02-8",EG41,2,-16*9 = y/9*9,1,[SkillRule: Multiply/Divide; [Typein Skill: {Remove coefficient; Variable in denominator}]],5
19199,6W08a98ZQV,"Unit ES_02, Section ES_02-8",EG41,2,9*-16 = y,1,[SkillRule: Select Multiply; {MT; MT no fraction coeff}],7
19250,6W08a98ZQV,"Unit CTA1_13, Section CTA1_13-1",PROP04,1,R1C1,1,,
19251,6W08a98ZQV,"Unit CTA1_13, Section CTA1_13-1",PROP04,1,R1C2,0,,
19252,6W08a98ZQV,"Unit CTA1_13, Section CTA1_13-1",PROP04,1,R3C1,1,Define Variable,1
19253,6W08a98ZQV,"Unit CTA1_13, Section CTA1_13-1",PROP04,1,R3C2,0,"Using small numbers~~Write expression, positive slope~~Using difficult numbers",1~~1~~1
19254,6W08a98ZQV,"Unit CTA1_13, Section CTA1_13-1",PROP04,1,R4C1,1,Entering a given,1
19255,6W08a98ZQV,"Unit CTA1_13, Section CTA1_13-1",PROP04,1,R5C1,1,Entering a given,2
19256,6W08a98ZQV,"Unit CTA1_13, Section CTA1_13-1",PROP04,1,R6C1,1,Entering a given,3
19257,6W08a98ZQV,"Unit CTA1_13, Section CTA1_13-1",PROP04,1,R7C2,1,Entering a given,4
19258,6W08a98ZQV,"Unit CTA1_13, Section CTA1_13-1",PROP04,1,7/10*1400 = f,1,,
19259,6W08a98ZQV,"Unit CTA1_13, Section CTA1_13-1",PROP04,1,9800/10 = f,0,,
19260,6W08a98ZQV,"Unit CTA1_13, Section CTA1_13-1",PROP04,1,ValidEquations,0,,
19261,6W08a98ZQV,"Unit CTA1_13, Section CTA1_13-1",PROP04,1,7/10*F = 1400,0,"[SkillRule: Remove coefficient; {ax+b=c, divide; ax=b; [const expr]*[var fact] + [const expr] = [const expr], divide; [var expr]*[const expr] = [const expr], divide; a/b*x=c; a/b*x=c, reciprocal; ax/b=c, reciprocal; ax/b=c; x/a=b; ax=b; (+/-x +/-a)/b=c, mult; a=x*(b+c); a=x*(b-c); a=x*(b*c+d); x/a+b=c, multiply; [var expr]/[const expr] = [const expr], multiply}]",34
19262,6W08a98ZQV,"Unit CTA1_13, Section CTA1_13-1",PROP04,1,R7C1,0,"Using small numbers~~Find X, Simple~~Using difficult numbers",2~~1~~2
19263,6W08a98ZQV,"Unit CTA1_13, Section CTA1_13-1",PROP07,1,R1C1,1,,
19264,6W08a98ZQV,"Unit CTA1_13, Section CTA1_13-1",PROP07,1,R1C2,1,,
19265,6W08a98ZQV,"Unit CTA1_13, Section CTA1_13-1",PROP07,1,R3C1,1,Define Variable,2
19266,6W08a98ZQV,"Unit CTA1_13, Section CTA1_13-1",PROP07,1,R3C2,0,"Using small numbers~~Write expression, positive slope~~Using difficult numbers",3~~2~~3
